{"0":203.685442,"1":203.685442,"2":203.685442,"3":203.685442,"4":203.685442,"5":203.685442,"6":203.685442,"7":203.685442,"8":203.685442,"9":203.685442,"10":203.685442,"11":203.685442,"12":203.685442}